<?xml version="1.0" encoding="UTF-8"?>
<export version="D">
  <design>
    <source>/home/monica/Desktop/KiCad/jbox_kicad/jbox_kicad.sch</source>
    <date>Tue 22 Jun 2021 06:02:28 PM -03</date>
    <tool>Eeschema 5.1.5+dfsg1-2build2</tool>
    <sheet number="1" name="/" tstamps="/">
      <title_block>
        <title>Jbox</title>
        <company>EE/UFMG</company>
        <rev>0</rev>
        <date>2021-05-17</date>
        <source>jbox_kicad.sch</source>
        <comment number="1" value="SmartBattery"/>
        <comment number="2" value=""/>
        <comment number="3" value=""/>
        <comment number="4" value="Laboratório Tesla Engenharia de Potência"/>
      </title_block>
    </sheet>
  </design>
  <components>
    <comp ref="U3">
      <value>mini_esp32</value>
      <footprint>ESP32_mini:ESP32_mini</footprint>
      <libsource lib="ESP32_mini" part="mini_esp32" description=""/>
      <sheetpath names="/" tstamps="/"/>
      <tstamp>607E1AED</tstamp>
    </comp>
    <comp ref="U1">
      <value>LM2596HVS</value>
      <footprint>Package_TO_SOT_SMD:TO-263-5_TabPin3</footprint>
      <libsource lib="Buck" part="LM2596HVS" description=""/>
      <sheetpath names="/" tstamps="/"/>
      <tstamp>60776558</tstamp>
    </comp>
    <comp ref="BT1">
      <value>40.8V</value>
      <footprint>Battery:Battery_Panasonic_CR1025-VSK_Vertical_CircularHoles</footprint>
      <datasheet>~</datasheet>
      <libsource lib="Device" part="Battery_Cell" description="Single-cell battery"/>
      <sheetpath names="/" tstamps="/"/>
      <tstamp>6080E9BF</tstamp>
    </comp>
    <comp ref="C6">
      <value>10uF</value>
      <footprint>Capacitor_SMD:C_0805_2012Metric_Pad1.15x1.40mm_HandSolder</footprint>
      <datasheet>~</datasheet>
      <libsource lib="Device" part="C" description="Unpolarized capacitor"/>
      <sheetpath names="/" tstamps="/"/>
      <tstamp>60942BB3</tstamp>
    </comp>
    <comp ref="U2">
      <value>DS18B20</value>
      <footprint>Package_TO_SOT_THT:TO-92_Inline</footprint>
      <datasheet>http://datasheets.maximintegrated.com/en/ds/DS18B20.pdf</datasheet>
      <libsource lib="Sensor_Temperature" part="DS18B20" description="Programmable Resolution 1-Wire Digital Thermometer TO-92"/>
      <sheetpath names="/" tstamps="/"/>
      <tstamp>6092ADC9</tstamp>
    </comp>
    <comp ref="R1">
      <value>4.7k</value>
      <footprint>Resistor_SMD:R_0805_2012Metric_Pad1.15x1.40mm_HandSolder</footprint>
      <datasheet>~</datasheet>
      <libsource lib="Device" part="R" description="Resistor"/>
      <sheetpath names="/" tstamps="/"/>
      <tstamp>6094D912</tstamp>
    </comp>
    <comp ref="R2">
      <value>27k</value>
      <footprint>Resistor_SMD:R_0805_2012Metric_Pad1.15x1.40mm_HandSolder</footprint>
      <datasheet>~</datasheet>
      <libsource lib="Device" part="R" description="Resistor"/>
      <sheetpath names="/" tstamps="/"/>
      <tstamp>609485CD</tstamp>
    </comp>
    <comp ref="C2">
      <value>10uF</value>
      <footprint>Capacitor_SMD:C_0805_2012Metric_Pad1.15x1.40mm_HandSolder</footprint>
      <datasheet>~</datasheet>
      <libsource lib="Device" part="C" description="Unpolarized capacitor"/>
      <sheetpath names="/" tstamps="/"/>
      <tstamp>60956829</tstamp>
    </comp>
    <comp ref="C1">
      <value>100nF</value>
      <footprint>Capacitor_SMD:C_0805_2012Metric_Pad1.15x1.40mm_HandSolder</footprint>
      <datasheet>~</datasheet>
      <libsource lib="Device" part="C" description="Unpolarized capacitor"/>
      <sheetpath names="/" tstamps="/"/>
      <tstamp>6095681C</tstamp>
    </comp>
    <comp ref="C5">
      <value>100nF</value>
      <footprint>Capacitor_SMD:C_0805_2012Metric_Pad1.15x1.40mm_HandSolder</footprint>
      <datasheet>~</datasheet>
      <libsource lib="Device" part="C" description="Unpolarized capacitor"/>
      <sheetpath names="/" tstamps="/"/>
      <tstamp>609AC2BE</tstamp>
    </comp>
    <comp ref="C3">
      <value>100nF</value>
      <footprint>Capacitor_SMD:C_0805_2012Metric_Pad1.15x1.40mm_HandSolder</footprint>
      <datasheet>~</datasheet>
      <libsource lib="Device" part="C" description="Unpolarized capacitor"/>
      <sheetpath names="/" tstamps="/"/>
      <tstamp>609F6D6A</tstamp>
    </comp>
    <comp ref="D1">
      <value>BAT54SW</value>
      <footprint>Package_TO_SOT_SMD:SOT-23-5_HandSoldering</footprint>
      <datasheet>https://assets.nexperia.com/documents/data-sheet/BAT54W_SER.pdf</datasheet>
      <libsource lib="Diode" part="BAT54SW" description="Dual schottky barrier diode, in series, SOT-323"/>
      <sheetpath names="/" tstamps="/"/>
      <tstamp>609DA5E8</tstamp>
    </comp>
    <comp ref="C4">
      <value>10uF</value>
      <footprint>Capacitor_SMD:C_0805_2012Metric_Pad1.15x1.40mm_HandSolder</footprint>
      <datasheet>~</datasheet>
      <libsource lib="Device" part="C" description="Unpolarized capacitor"/>
      <sheetpath names="/" tstamps="/"/>
      <tstamp>609B3894</tstamp>
    </comp>
    <comp ref="TP4">
      <value>TestPointGNDESP</value>
      <footprint>TestPoint:TestPoint_Pad_D1.0mm</footprint>
      <datasheet>~</datasheet>
      <libsource lib="Connector" part="TestPoint" description="test point"/>
      <sheetpath names="/" tstamps="/"/>
      <tstamp>609C6B8A</tstamp>
    </comp>
    <comp ref="TP2">
      <value>TPLM5</value>
      <footprint>TestPoint:TestPoint_Pad_1.0x1.0mm</footprint>
      <datasheet>~</datasheet>
      <libsource lib="Connector" part="TestPoint" description="test point"/>
      <sheetpath names="/" tstamps="/"/>
      <tstamp>609CC01C</tstamp>
    </comp>
    <comp ref="TP3">
      <value>TP3</value>
      <footprint>TestPoint:TestPoint_Pad_1.0x1.0mm</footprint>
      <datasheet>~</datasheet>
      <libsource lib="Connector" part="TestPoint" description="test point"/>
      <sheetpath names="/" tstamps="/"/>
      <tstamp>609D20AB</tstamp>
    </comp>
    <comp ref="TP1">
      <value>TPLM41</value>
      <footprint>TestPoint:TestPoint_Pad_1.0x1.0mm</footprint>
      <datasheet>~</datasheet>
      <libsource lib="Connector" part="TestPoint" description="test point"/>
      <sheetpath names="/" tstamps="/"/>
      <tstamp>609CE58C</tstamp>
    </comp>
    <comp ref="D2">
      <value>LED</value>
      <footprint>LED_SMD:LED_0805_2012Metric_Pad1.15x1.40mm_HandSolder</footprint>
      <datasheet>~</datasheet>
      <libsource lib="Device" part="LED" description="Light emitting diode"/>
      <sheetpath names="/" tstamps="/"/>
      <tstamp>60A31130</tstamp>
    </comp>
    <comp ref="R4">
      <value>1k</value>
      <footprint>Resistor_SMD:R_0805_2012Metric_Pad1.15x1.40mm_HandSolder</footprint>
      <datasheet>~</datasheet>
      <libsource lib="Device" part="R" description="Resistor"/>
      <sheetpath names="/" tstamps="/"/>
      <tstamp>60A3876F</tstamp>
    </comp>
    <comp ref="R3">
      <value>2k2</value>
      <footprint>Resistor_SMD:R_0805_2012Metric_Pad1.15x1.40mm_HandSolder</footprint>
      <datasheet>~</datasheet>
      <libsource lib="Device" part="R" description="Resistor"/>
      <sheetpath names="/" tstamps="/"/>
      <tstamp>60948C85</tstamp>
    </comp>
  </components>
  <libparts>
    <libpart lib="Buck" part="LM2596HVS">
      <fields>
        <field name="Reference">U</field>
        <field name="Value">LM2596HVS</field>
        <field name="Footprint">Package_TO_SOT_SMD:TO-263-5_TabPin3</field>
      </fields>
      <pins>
        <pin num="1" name="Vin" type="input"/>
        <pin num="2" name="Vout" type="output"/>
        <pin num="3" name="GND" type="power_in"/>
        <pin num="4" name="ONOFF" type="input"/>
        <pin num="5" name="FB/ADJ" type="output"/>
      </pins>
    </libpart>
    <libpart lib="Connector" part="TestPoint">
      <description>test point</description>
      <docs>~</docs>
      <footprints>
        <fp>Pin*</fp>
        <fp>Test*</fp>
      </footprints>
      <fields>
        <field name="Reference">TP</field>
        <field name="Value">TestPoint</field>
      </fields>
      <pins>
        <pin num="1" name="1" type="passive"/>
      </pins>
    </libpart>
    <libpart lib="Device" part="Battery_Cell">
      <description>Single-cell battery</description>
      <docs>~</docs>
      <fields>
        <field name="Reference">BT</field>
        <field name="Value">Battery_Cell</field>
      </fields>
      <pins>
        <pin num="1" name="+" type="passive"/>
        <pin num="2" name="-" type="passive"/>
      </pins>
    </libpart>
    <libpart lib="Device" part="C">
      <description>Unpolarized capacitor</description>
      <docs>~</docs>
      <footprints>
        <fp>C_*</fp>
      </footprints>
      <fields>
        <field name="Reference">C</field>
        <field name="Value">C</field>
      </fields>
      <pins>
        <pin num="1" name="~" type="passive"/>
        <pin num="2" name="~" type="passive"/>
      </pins>
    </libpart>
    <libpart lib="Device" part="LED">
      <description>Light emitting diode</description>
      <docs>~</docs>
      <footprints>
        <fp>LED*</fp>
        <fp>LED_SMD:*</fp>
        <fp>LED_THT:*</fp>
      </footprints>
      <fields>
        <field name="Reference">D</field>
        <field name="Value">LED</field>
      </fields>
      <pins>
        <pin num="1" name="K" type="passive"/>
        <pin num="2" name="A" type="passive"/>
      </pins>
    </libpart>
    <libpart lib="Device" part="R">
      <description>Resistor</description>
      <docs>~</docs>
      <footprints>
        <fp>R_*</fp>
      </footprints>
      <fields>
        <field name="Reference">R</field>
        <field name="Value">R</field>
      </fields>
      <pins>
        <pin num="1" name="~" type="passive"/>
        <pin num="2" name="~" type="passive"/>
      </pins>
    </libpart>
    <libpart lib="Diode" part="BAT54SW">
      <description>Dual schottky barrier diode, in series, SOT-323</description>
      <docs>https://assets.nexperia.com/documents/data-sheet/BAT54W_SER.pdf</docs>
      <footprints>
        <fp>SOT?323*</fp>
      </footprints>
      <fields>
        <field name="Reference">D</field>
        <field name="Value">BAT54SW</field>
        <field name="Footprint">Package_TO_SOT_SMD:SOT-323_SC-70</field>
      </fields>
      <pins>
        <pin num="1" name="~" type="passive"/>
        <pin num="2" name="~" type="passive"/>
        <pin num="3" name="~" type="passive"/>
      </pins>
    </libpart>
    <libpart lib="ESP32_mini" part="mini_esp32">
      <fields>
        <field name="Reference">U</field>
        <field name="Value">mini_esp32</field>
      </fields>
      <pins>
        <pin num="1" name="GND" type="power_in"/>
        <pin num="2" name="RST" type="input"/>
        <pin num="3" name="NC" type="NotConnected"/>
        <pin num="4" name="IO_36/SVP/A0" type="BiDi"/>
        <pin num="5" name="IO_39/SVN" type="BiDi"/>
        <pin num="6" name="IO_26/D0" type="BiDi"/>
        <pin num="7" name="IO_35" type="BiDi"/>
        <pin num="8" name="IO_18/D5" type="BiDi"/>
        <pin num="9" name="IO_33" type="BiDi"/>
        <pin num="10" name="IO_19/D6" type="BiDi"/>
        <pin num="11" name="IO_34" type="BiDi"/>
        <pin num="12" name="IO_23/D7" type="BiDi"/>
        <pin num="13" name="IO_14/TMS" type="BiDi"/>
        <pin num="14" name="IO_05/D8" type="BiDi"/>
        <pin num="15" name="NC" type="NotConnected"/>
        <pin num="16" name="3V3" type="power_in"/>
        <pin num="17" name="IO_09/SD2" type="BiDi"/>
        <pin num="18" name="IO_13/TCK" type="BiDi"/>
        <pin num="19" name="CMD" type="passive"/>
        <pin num="20" name="IO_10/SD3" type="BiDi"/>
        <pin num="21" name="TXD" type="passive"/>
        <pin num="22" name="GND" type="power_in"/>
        <pin num="23" name="RXD" type="passive"/>
        <pin num="24" name="IO_27" type="BiDi"/>
        <pin num="25" name="IO_22/D1/SCL" type="BiDi"/>
        <pin num="26" name="IO_25" type="BiDi"/>
        <pin num="27" name="IO_21/D2/SDA" type="BiDi"/>
        <pin num="28" name="IO_32" type="BiDi"/>
        <pin num="29" name="IO_17/D3" type="BiDi"/>
        <pin num="30" name="IO_12/TDI" type="BiDi"/>
        <pin num="31" name="IO_16/D4" type="BiDi"/>
        <pin num="32" name="IO_04" type="BiDi"/>
        <pin num="33" name="GND" type="power_in"/>
        <pin num="34" name="IO_00" type="BiDi"/>
        <pin num="35" name="VCC_(USB)" type="power_in"/>
        <pin num="36" name="IO_02" type="BiDi"/>
        <pin num="37" name="TD0" type="passive"/>
        <pin num="38" name="SD1" type="passive"/>
        <pin num="39" name="SD0" type="passive"/>
        <pin num="40" name="CLK" type="passive"/>
      </pins>
    </libpart>
    <libpart lib="Sensor_Temperature" part="MAX31820">
      <aliases>
        <alias>DS1822</alias>
        <alias>DS18B20</alias>
        <alias>DS18S20</alias>
        <alias>DS1821C</alias>
      </aliases>
      <description>1-Wire Ambient Temperature Sensor TO-92</description>
      <docs>http://datasheets.maximintegrated.com/en/ds/MAX31820.pdf</docs>
      <footprints>
        <fp>TO*92*</fp>
      </footprints>
      <fields>
        <field name="Reference">U</field>
        <field name="Value">MAX31820</field>
        <field name="Footprint">Package_TO_SOT_THT:TO-92_Inline</field>
      </fields>
      <pins>
        <pin num="1" name="GND" type="power_in"/>
        <pin num="2" name="DQ" type="BiDi"/>
        <pin num="3" name="VDD" type="power_in"/>
      </pins>
    </libpart>
  </libparts>
  <libraries>
    <library logical="Buck">
      <uri>/home/monica/Desktop/KiCad/library/Buck.lib</uri>
    </library>
    <library logical="Connector">
      <uri>/usr/share/kicad/library/Connector.lib</uri>
    </library>
    <library logical="Device">
      <uri>/usr/share/kicad/library/Device.lib</uri>
    </library>
    <library logical="Diode">
      <uri>/usr/share/kicad/library/Diode.lib</uri>
    </library>
    <library logical="ESP32_mini">
      <uri>/home/monica/Desktop/KiCad/jbox_kicad/ESP32_mini_KiCad_Library-master/ESP32_mini.lib</uri>
    </library>
    <library logical="Sensor_Temperature">
      <uri>/usr/share/kicad/library/Sensor_Temperature.lib</uri>
    </library>
  </libraries>
  <nets>
    <net code="1" name="GND">
      <node ref="U1" pin="3"/>
      <node ref="C3" pin="2"/>
      <node ref="U1" pin="4"/>
      <node ref="U1" pin="5"/>
      <node ref="R3" pin="2"/>
      <node ref="D1" pin="1"/>
      <node ref="U3" pin="1"/>
      <node ref="C4" pin="2"/>
      <node ref="TP4" pin="1"/>
      <node ref="C5" pin="2"/>
      <node ref="U2" pin="1"/>
      <node ref="C2" pin="2"/>
      <node ref="C1" pin="2"/>
      <node ref="U3" pin="33"/>
      <node ref="BT1" pin="2"/>
      <node ref="U3" pin="22"/>
      <node ref="C6" pin="2"/>
    </net>
    <net code="2" name="Net-(U3-Pad7)">
      <node ref="U3" pin="7"/>
    </net>
    <net code="3" name="Net-(C5-Pad1)">
      <node ref="C5" pin="1"/>
    </net>
    <net code="5" name="DQA0">
      <node ref="U2" pin="2"/>
      <node ref="R1" pin="1"/>
      <node ref="U3" pin="6"/>
    </net>
    <net code="6" name="Net-(U3-Pad4)">
      <node ref="U3" pin="4"/>
    </net>
    <net code="7" name="DQA1">
      <node ref="U3" pin="9"/>
      <node ref="R2" pin="2"/>
      <node ref="D1" pin="3"/>
      <node ref="R3" pin="1"/>
      <node ref="C4" pin="1"/>
    </net>
    <net code="8" name="VDD41">
      <node ref="U1" pin="1"/>
      <node ref="R2" pin="1"/>
      <node ref="BT1" pin="1"/>
      <node ref="TP1" pin="1"/>
    </net>
    <net code="9" name="Net-(U3-Pad31)">
      <node ref="U3" pin="31"/>
    </net>
    <net code="10" name="/R_LED">
      <node ref="D2" pin="2"/>
      <node ref="R4" pin="2"/>
    </net>
    <net code="11" name="LED_D3">
      <node ref="U3" pin="29"/>
      <node ref="D2" pin="1"/>
    </net>
    <net code="15" name="VDD33">
      <node ref="R4" pin="1"/>
      <node ref="U2" pin="3"/>
      <node ref="C3" pin="1"/>
      <node ref="C6" pin="1"/>
      <node ref="U3" pin="16"/>
      <node ref="R1" pin="2"/>
      <node ref="TP3" pin="1"/>
      <node ref="D1" pin="2"/>
    </net>
    <net code="16" name="Net-(U3-Pad8)">
      <node ref="U3" pin="8"/>
    </net>
    <net code="17" name="Net-(U3-Pad40)">
      <node ref="U3" pin="40"/>
    </net>
    <net code="18" name="Net-(U3-Pad39)">
      <node ref="U3" pin="39"/>
    </net>
    <net code="19" name="Net-(U3-Pad38)">
      <node ref="U3" pin="38"/>
    </net>
    <net code="20" name="Net-(U3-Pad37)">
      <node ref="U3" pin="37"/>
    </net>
    <net code="24" name="Net-(U3-Pad13)">
      <node ref="U3" pin="13"/>
    </net>
    <net code="25" name="Net-(U3-Pad21)">
      <node ref="U3" pin="21"/>
    </net>
    <net code="26" name="Net-(U3-Pad20)">
      <node ref="U3" pin="20"/>
    </net>
    <net code="27" name="Net-(U3-Pad19)">
      <node ref="U3" pin="19"/>
    </net>
    <net code="28" name="Net-(U3-Pad18)">
      <node ref="U3" pin="18"/>
    </net>
    <net code="29" name="Net-(U3-Pad17)">
      <node ref="U3" pin="17"/>
    </net>
    <net code="30" name="Net-(U3-Pad15)">
      <node ref="U3" pin="15"/>
    </net>
    <net code="31" name="Net-(U3-Pad14)">
      <node ref="U3" pin="14"/>
    </net>
    <net code="32" name="Net-(U3-Pad12)">
      <node ref="U3" pin="12"/>
    </net>
    <net code="33" name="Net-(U3-Pad11)">
      <node ref="U3" pin="11"/>
    </net>
    <net code="34" name="Net-(U3-Pad10)">
      <node ref="U3" pin="10"/>
    </net>
    <net code="35" name="Net-(U3-Pad5)">
      <node ref="U3" pin="5"/>
    </net>
    <net code="36" name="Net-(U3-Pad3)">
      <node ref="U3" pin="3"/>
    </net>
    <net code="37" name="Net-(U3-Pad2)">
      <node ref="U3" pin="2"/>
    </net>
    <net code="38" name="Net-(U3-Pad23)">
      <node ref="U3" pin="23"/>
    </net>
    <net code="39" name="Net-(U3-Pad24)">
      <node ref="U3" pin="24"/>
    </net>
    <net code="40" name="Net-(U3-Pad25)">
      <node ref="U3" pin="25"/>
    </net>
    <net code="41" name="Net-(U3-Pad26)">
      <node ref="U3" pin="26"/>
    </net>
    <net code="42" name="Net-(U3-Pad27)">
      <node ref="U3" pin="27"/>
    </net>
    <net code="43" name="Net-(U3-Pad28)">
      <node ref="U3" pin="28"/>
    </net>
    <net code="44" name="Net-(U3-Pad30)">
      <node ref="U3" pin="30"/>
    </net>
    <net code="45" name="Net-(U3-Pad32)">
      <node ref="U3" pin="32"/>
    </net>
    <net code="46" name="Net-(U3-Pad34)">
      <node ref="U3" pin="34"/>
    </net>
    <net code="47" name="Net-(U3-Pad35)">
      <node ref="U3" pin="35"/>
    </net>
    <net code="49" name="VDD5">
      <node ref="C2" pin="1"/>
      <node ref="C1" pin="1"/>
      <node ref="TP2" pin="1"/>
      <node ref="U1" pin="2"/>
      <node ref="U3" pin="36"/>
    </net>
  </nets>
</export>
