<?xml version="1.0" encoding="UTF-8"?>
<export version="D">
  <design>
    <source>/home/monica/Desktop/KiCad/jbox_kicad/jbox_kicad.sch</source>
    <date>Mon 26 Apr 2021 03:00:09 PM -03</date>
    <tool>Eeschema 5.1.5+dfsg1-2build2</tool>
    <sheet number="1" name="/" tstamps="/">
      <title_block>
        <title/>
        <company/>
        <rev/>
        <date/>
        <source>jbox_kicad.sch</source>
        <comment number="1" value=""/>
        <comment number="2" value=""/>
        <comment number="3" value=""/>
        <comment number="4" value=""/>
      </title_block>
    </sheet>
  </design>
  <components>
    <comp ref="U2">
      <value>mini_esp32</value>
      <footprint>ESP32_mini:ESP32_mini</footprint>
      <libsource lib="ESP32_mini" part="mini_esp32" description=""/>
      <sheetpath names="/" tstamps="/"/>
      <tstamp>607E1AED</tstamp>
    </comp>
    <comp ref="U1">
      <value>LM2596HVS</value>
      <footprint>Package_TO_SOT_SMD:TO-263-5_TabPin3</footprint>
      <libsource lib="Buck" part="LM2596HVS" description=""/>
      <sheetpath names="/" tstamps="/"/>
      <tstamp>60776558</tstamp>
    </comp>
    <comp ref="R1">
      <value>6.12k</value>
      <footprint>Resistor_THT:R_Axial_DIN0207_L6.3mm_D2.5mm_P10.16mm_Horizontal</footprint>
      <datasheet>~</datasheet>
      <libsource lib="Device" part="R" description="Resistor"/>
      <sheetpath names="/" tstamps="/"/>
      <tstamp>607FAB01</tstamp>
    </comp>
    <comp ref="L1">
      <value>47u</value>
      <footprint>Inductor_THT:L_Toroid_Horizontal_D12.7mm_P20.00mm_Diameter14-5mm_Amidon-T50</footprint>
      <datasheet>~</datasheet>
      <libsource lib="pspice" part="INDUCTOR" description="Inductor symbol for simulation only"/>
      <sheetpath names="/" tstamps="/"/>
      <tstamp>607FD434</tstamp>
    </comp>
    <comp ref="D1">
      <value>MBRS360</value>
      <footprint>Diode_SMD:D_SOD-123F</footprint>
      <datasheet>https://diotec.com/tl_files/diotec/files/pdf/datasheets/bzt52b2v4.pdf</datasheet>
      <libsource lib="Diode" part="BZT52Bxx" description="500mW Zener Diode, SOD-123"/>
      <sheetpath names="/" tstamps="/"/>
      <tstamp>6080995B</tstamp>
    </comp>
    <comp ref="C2">
      <value>330u</value>
      <footprint>Capacitor_THT:CP_Radial_Tantal_D5.0mm_P2.50mm</footprint>
      <datasheet>~</datasheet>
      <libsource lib="Device" part="CP1" description="Polarized capacitor, US symbol"/>
      <sheetpath names="/" tstamps="/"/>
      <tstamp>6080DECE</tstamp>
    </comp>
    <comp ref="BT1">
      <value>40.8V</value>
      <footprint>Battery:Battery_Panasonic_CR1025-VSK_Vertical_CircularHoles</footprint>
      <datasheet>~</datasheet>
      <libsource lib="Device" part="Battery_Cell" description="Single-cell battery"/>
      <sheetpath names="/" tstamps="/"/>
      <tstamp>6080E9BF</tstamp>
    </comp>
    <comp ref="C1">
      <value>470u</value>
      <footprint>Capacitor_THT:CP_Radial_Tantal_D5.0mm_P2.50mm</footprint>
      <datasheet>~</datasheet>
      <libsource lib="Device" part="CP1" description="Polarized capacitor, US symbol"/>
      <sheetpath names="/" tstamps="/"/>
      <tstamp>607F5D0A</tstamp>
    </comp>
    <comp ref="R2">
      <value>2k</value>
      <footprint>Resistor_THT:R_Axial_DIN0207_L6.3mm_D2.5mm_P10.16mm_Horizontal</footprint>
      <datasheet>~</datasheet>
      <libsource lib="Device" part="R" description="Resistor"/>
      <sheetpath names="/" tstamps="/"/>
      <tstamp>6082D0F8</tstamp>
    </comp>
    <comp ref="U3">
      <value>AMS1117-3.3</value>
      <footprint>Package_TO_SOT_SMD:SOT-223-3_TabPin2</footprint>
      <datasheet>http://www.advanced-monolithic.com/pdf/ds1117.pdf</datasheet>
      <libsource lib="Regulator_Linear" part="AMS1117-3.3" description="1A Low Dropout regulator, positive, 3.3V fixed output, SOT-223"/>
      <sheetpath names="/" tstamps="/"/>
      <tstamp>6086C8D6</tstamp>
    </comp>
    <comp ref="C3">
      <value>0.1uF</value>
      <footprint>Capacitor_THT:C_Axial_L5.1mm_D3.1mm_P7.50mm_Horizontal</footprint>
      <datasheet>~</datasheet>
      <libsource lib="Device" part="C" description="Unpolarized capacitor"/>
      <sheetpath names="/" tstamps="/"/>
      <tstamp>608887DB</tstamp>
    </comp>
    <comp ref="C4">
      <value>0.1uF</value>
      <footprint>Capacitor_THT:C_Axial_L5.1mm_D3.1mm_P7.50mm_Horizontal</footprint>
      <datasheet>~</datasheet>
      <libsource lib="Device" part="C" description="Unpolarized capacitor"/>
      <sheetpath names="/" tstamps="/"/>
      <tstamp>6088A7E7</tstamp>
    </comp>
    <comp ref="C5">
      <value>22uF</value>
      <footprint>Capacitor_THT:CP_Radial_D8.0mm_P5.00mm</footprint>
      <datasheet>~</datasheet>
      <libsource lib="Device" part="CP" description="Polarized capacitor"/>
      <sheetpath names="/" tstamps="/"/>
      <tstamp>608960D4</tstamp>
    </comp>
    <comp ref="R3">
      <value>1.6k</value>
      <footprint>Resistor_THT:R_Axial_DIN0207_L6.3mm_D2.5mm_P10.16mm_Horizontal</footprint>
      <datasheet>~</datasheet>
      <libsource lib="Device" part="R" description="Resistor"/>
      <sheetpath names="/" tstamps="/"/>
      <tstamp>60830726</tstamp>
    </comp>
    <comp ref="C6">
      <value>0.1uF</value>
      <footprint>Capacitor_THT:C_Axial_L5.1mm_D3.1mm_P7.50mm_Horizontal</footprint>
      <datasheet>~</datasheet>
      <libsource lib="Device" part="C" description="Unpolarized capacitor"/>
      <sheetpath names="/" tstamps="/"/>
      <tstamp>60942BB3</tstamp>
    </comp>
  </components>
  <libparts>
    <libpart lib="Buck" part="LM2596HVS">
      <fields>
        <field name="Reference">U</field>
        <field name="Value">LM2596HVS</field>
        <field name="Footprint">Package_TO_SOT_SMD:TO-263-5_TabPin3</field>
      </fields>
      <pins>
        <pin num="1" name="Vin" type="input"/>
        <pin num="2" name="Vout" type="output"/>
        <pin num="3" name="GND" type="power_in"/>
        <pin num="4" name="ONOFF" type="input"/>
        <pin num="5" name="FB/ADJ" type="output"/>
      </pins>
    </libpart>
    <libpart lib="Device" part="Battery_Cell">
      <description>Single-cell battery</description>
      <docs>~</docs>
      <fields>
        <field name="Reference">BT</field>
        <field name="Value">Battery_Cell</field>
      </fields>
      <pins>
        <pin num="1" name="+" type="passive"/>
        <pin num="2" name="-" type="passive"/>
      </pins>
    </libpart>
    <libpart lib="Device" part="C">
      <description>Unpolarized capacitor</description>
      <docs>~</docs>
      <footprints>
        <fp>C_*</fp>
      </footprints>
      <fields>
        <field name="Reference">C</field>
        <field name="Value">C</field>
      </fields>
      <pins>
        <pin num="1" name="~" type="passive"/>
        <pin num="2" name="~" type="passive"/>
      </pins>
    </libpart>
    <libpart lib="Device" part="CP">
      <description>Polarized capacitor</description>
      <docs>~</docs>
      <footprints>
        <fp>CP_*</fp>
      </footprints>
      <fields>
        <field name="Reference">C</field>
        <field name="Value">CP</field>
      </fields>
      <pins>
        <pin num="1" name="~" type="passive"/>
        <pin num="2" name="~" type="passive"/>
      </pins>
    </libpart>
    <libpart lib="Device" part="CP1">
      <description>Polarized capacitor, US symbol</description>
      <docs>~</docs>
      <footprints>
        <fp>CP_*</fp>
      </footprints>
      <fields>
        <field name="Reference">C</field>
        <field name="Value">CP1</field>
      </fields>
      <pins>
        <pin num="1" name="~" type="passive"/>
        <pin num="2" name="~" type="passive"/>
      </pins>
    </libpart>
    <libpart lib="Device" part="R">
      <description>Resistor</description>
      <docs>~</docs>
      <footprints>
        <fp>R_*</fp>
      </footprints>
      <fields>
        <field name="Reference">R</field>
        <field name="Value">R</field>
      </fields>
      <pins>
        <pin num="1" name="~" type="passive"/>
        <pin num="2" name="~" type="passive"/>
      </pins>
    </libpart>
    <libpart lib="Diode" part="BZT52Bxx">
      <description>500mW Zener Diode, SOD-123</description>
      <docs>https://diotec.com/tl_files/diotec/files/pdf/datasheets/bzt52b2v4.pdf</docs>
      <footprints>
        <fp>D?SOD?123*</fp>
      </footprints>
      <fields>
        <field name="Reference">D</field>
        <field name="Value">BZT52Bxx</field>
        <field name="Footprint">Diode_SMD:D_SOD-123</field>
      </fields>
      <pins>
        <pin num="1" name="K" type="passive"/>
        <pin num="2" name="A" type="passive"/>
      </pins>
    </libpart>
    <libpart lib="ESP32_mini" part="mini_esp32">
      <fields>
        <field name="Reference">U</field>
        <field name="Value">mini_esp32</field>
      </fields>
      <pins>
        <pin num="1" name="GND" type="power_in"/>
        <pin num="2" name="RST" type="input"/>
        <pin num="3" name="NC" type="NotConnected"/>
        <pin num="4" name="IO_36/SVP/A0" type="BiDi"/>
        <pin num="5" name="IO_39/SVN" type="BiDi"/>
        <pin num="6" name="IO_26/D0" type="BiDi"/>
        <pin num="7" name="IO_35" type="BiDi"/>
        <pin num="8" name="IO_18/D5" type="BiDi"/>
        <pin num="9" name="IO_33" type="BiDi"/>
        <pin num="10" name="IO_19/D6" type="BiDi"/>
        <pin num="11" name="IO_34" type="BiDi"/>
        <pin num="12" name="IO_23/D7" type="BiDi"/>
        <pin num="13" name="IO_14/TMS" type="BiDi"/>
        <pin num="14" name="IO_05/D8" type="BiDi"/>
        <pin num="15" name="NC" type="NotConnected"/>
        <pin num="16" name="3V3" type="power_in"/>
        <pin num="17" name="IO_09/SD2" type="BiDi"/>
        <pin num="18" name="IO_13/TCK" type="BiDi"/>
        <pin num="19" name="CMD" type="passive"/>
        <pin num="20" name="IO_10/SD3" type="BiDi"/>
        <pin num="21" name="TXD" type="passive"/>
        <pin num="22" name="GND" type="power_in"/>
        <pin num="23" name="RXD" type="passive"/>
        <pin num="24" name="IO_27" type="BiDi"/>
        <pin num="25" name="IO_22/D1/SCL" type="BiDi"/>
        <pin num="26" name="IO_25" type="BiDi"/>
        <pin num="27" name="IO_21/D2/SDA" type="BiDi"/>
        <pin num="28" name="IO_32" type="BiDi"/>
        <pin num="29" name="IO_17/D3" type="BiDi"/>
        <pin num="30" name="IO_12/TDI" type="BiDi"/>
        <pin num="31" name="IO_16/D4" type="BiDi"/>
        <pin num="32" name="IO_04" type="BiDi"/>
        <pin num="33" name="GND" type="power_in"/>
        <pin num="34" name="IO_00" type="BiDi"/>
        <pin num="35" name="VCC_(USB)" type="power_in"/>
        <pin num="36" name="IO_02" type="BiDi"/>
        <pin num="37" name="TD0" type="passive"/>
        <pin num="38" name="SD1" type="passive"/>
        <pin num="39" name="SD0" type="passive"/>
        <pin num="40" name="CLK" type="passive"/>
      </pins>
    </libpart>
    <libpart lib="Regulator_Linear" part="AP1117-15">
      <aliases>
        <alias>AP1117-18</alias>
        <alias>AP1117-25</alias>
        <alias>AP1117-33</alias>
        <alias>AP1117-50</alias>
        <alias>LD1117S33TR_SOT223</alias>
        <alias>LD1117S12TR_SOT223</alias>
        <alias>LD1117S18TR_SOT223</alias>
        <alias>LD1117S25TR_SOT223</alias>
        <alias>LD1117S50TR_SOT223</alias>
        <alias>NCP1117-12_SOT223</alias>
        <alias>NCP1117-1.5_SOT223</alias>
        <alias>NCP1117-1.8_SOT223</alias>
        <alias>NCP1117-2.0_SOT223</alias>
        <alias>NCP1117-2.5_SOT223</alias>
        <alias>NCP1117-2.85_SOT223</alias>
        <alias>NCP1117-3.3_SOT223</alias>
        <alias>NCP1117-5.0_SOT223</alias>
        <alias>AMS1117-1.5</alias>
        <alias>AMS1117-1.8</alias>
        <alias>AMS1117-2.5</alias>
        <alias>AMS1117-2.85</alias>
        <alias>AMS1117-3.3</alias>
        <alias>AMS1117-5.0</alias>
      </aliases>
      <description>1A Low Dropout regulator, positive, 1.5V fixed output, SOT-223</description>
      <docs>http://www.diodes.com/datasheets/AP1117.pdf</docs>
      <footprints>
        <fp>SOT?223*TabPin2*</fp>
      </footprints>
      <fields>
        <field name="Reference">U</field>
        <field name="Value">AP1117-15</field>
        <field name="Footprint">Package_TO_SOT_SMD:SOT-223-3_TabPin2</field>
      </fields>
      <pins>
        <pin num="1" name="GND" type="power_in"/>
        <pin num="2" name="VO" type="power_out"/>
        <pin num="3" name="VI" type="power_in"/>
      </pins>
    </libpart>
    <libpart lib="pspice" part="INDUCTOR">
      <description>Inductor symbol for simulation only</description>
      <docs>~</docs>
      <fields>
        <field name="Reference">L</field>
        <field name="Value">INDUCTOR</field>
      </fields>
      <pins>
        <pin num="1" name="1" type="input"/>
        <pin num="2" name="2" type="input"/>
      </pins>
    </libpart>
  </libparts>
  <libraries>
    <library logical="Buck">
      <uri>/home/monica/Desktop/KiCad/library/Buck.lib</uri>
    </library>
    <library logical="Device">
      <uri>/usr/share/kicad/library/Device.lib</uri>
    </library>
    <library logical="Diode">
      <uri>/usr/share/kicad/library/Diode.lib</uri>
    </library>
    <library logical="ESP32_mini">
      <uri>/home/monica/Desktop/Usina Fotovoltaica/Artigo/PCB/ESP32_mini_KiCad_Library-master/ESP32_mini.lib</uri>
    </library>
    <library logical="Regulator_Linear">
      <uri>/usr/share/kicad/library/Regulator_Linear.lib</uri>
    </library>
    <library logical="pspice">
      <uri>/usr/share/kicad/library/pspice.lib</uri>
    </library>
  </libraries>
  <nets>
    <net code="3" name="VDD33">
      <node ref="C6" pin="1"/>
      <node ref="C5" pin="1"/>
      <node ref="C4" pin="1"/>
      <node ref="U2" pin="16"/>
      <node ref="U3" pin="2"/>
    </net>
    <net code="4" name="/5toR">
      <node ref="R2" pin="1"/>
      <node ref="U1" pin="5"/>
      <node ref="R1" pin="2"/>
    </net>
    <net code="7" name="/2toL1">
      <node ref="U1" pin="2"/>
      <node ref="D1" pin="1"/>
      <node ref="L1" pin="1"/>
    </net>
    <net code="8" name="Net-(U2-Pad32)">
      <node ref="U2" pin="32"/>
    </net>
    <net code="9" name="Net-(U2-Pad11)">
      <node ref="U2" pin="11"/>
    </net>
    <net code="10" name="Net-(U2-Pad9)">
      <node ref="U2" pin="9"/>
    </net>
    <net code="11" name="Net-(U2-Pad28)">
      <node ref="U2" pin="28"/>
    </net>
    <net code="12" name="Net-(U2-Pad10)">
      <node ref="U2" pin="10"/>
    </net>
    <net code="13" name="Net-(U2-Pad8)">
      <node ref="U2" pin="8"/>
    </net>
    <net code="14" name="Net-(U2-Pad29)">
      <node ref="U2" pin="29"/>
    </net>
    <net code="15" name="Net-(U2-Pad31)">
      <node ref="U2" pin="31"/>
    </net>
    <net code="16" name="Net-(U2-Pad13)">
      <node ref="U2" pin="13"/>
    </net>
    <net code="17" name="Net-(U2-Pad18)">
      <node ref="U2" pin="18"/>
    </net>
    <net code="18" name="Net-(U2-Pad30)">
      <node ref="U2" pin="30"/>
    </net>
    <net code="19" name="Net-(U2-Pad20)">
      <node ref="U2" pin="20"/>
    </net>
    <net code="20" name="Net-(U2-Pad17)">
      <node ref="U2" pin="17"/>
    </net>
    <net code="21" name="Net-(U2-Pad14)">
      <node ref="U2" pin="14"/>
    </net>
    <net code="22" name="Net-(U2-Pad7)">
      <node ref="U2" pin="7"/>
    </net>
    <net code="23" name="Net-(U2-Pad36)">
      <node ref="U2" pin="36"/>
    </net>
    <net code="24" name="Net-(U2-Pad34)">
      <node ref="U2" pin="34"/>
    </net>
    <net code="27" name="Net-(U2-Pad24)">
      <node ref="U2" pin="24"/>
    </net>
    <net code="28" name="Net-(U2-Pad6)">
      <node ref="U2" pin="6"/>
    </net>
    <net code="29" name="Net-(U2-Pad26)">
      <node ref="U2" pin="26"/>
    </net>
    <net code="30" name="Net-(U2-Pad12)">
      <node ref="U2" pin="12"/>
    </net>
    <net code="31" name="Net-(U2-Pad25)">
      <node ref="U2" pin="25"/>
    </net>
    <net code="32" name="Net-(U2-Pad27)">
      <node ref="U2" pin="27"/>
    </net>
    <net code="33" name="Net-(U2-Pad5)">
      <node ref="U2" pin="5"/>
    </net>
    <net code="34" name="Net-(U2-Pad4)">
      <node ref="U2" pin="4"/>
    </net>
    <net code="35" name="Net-(U2-Pad35)">
      <node ref="U2" pin="35"/>
    </net>
    <net code="36" name="Net-(U2-Pad37)">
      <node ref="U2" pin="37"/>
    </net>
    <net code="37" name="Net-(U2-Pad38)">
      <node ref="U2" pin="38"/>
    </net>
    <net code="38" name="Net-(U2-Pad39)">
      <node ref="U2" pin="39"/>
    </net>
    <net code="39" name="Net-(U2-Pad40)">
      <node ref="U2" pin="40"/>
    </net>
    <net code="40" name="Net-(U2-Pad2)">
      <node ref="U2" pin="2"/>
    </net>
    <net code="41" name="Net-(U2-Pad3)">
      <node ref="U2" pin="3"/>
    </net>
    <net code="42" name="Net-(U2-Pad15)">
      <node ref="U2" pin="15"/>
    </net>
    <net code="43" name="Net-(U2-Pad19)">
      <node ref="U2" pin="19"/>
    </net>
    <net code="44" name="Net-(U2-Pad21)">
      <node ref="U2" pin="21"/>
    </net>
    <net code="45" name="Net-(U2-Pad23)">
      <node ref="U2" pin="23"/>
    </net>
    <net code="51" name="/C1to1">
      <node ref="U1" pin="1"/>
      <node ref="C1" pin="1"/>
    </net>
    <net code="52" name="EXT5V">
      <node ref="BT1" pin="1"/>
      <node ref="BT1" pin="2"/>
      <node ref="C3" pin="1"/>
      <node ref="C3" pin="2"/>
      <node ref="D1" pin="2"/>
      <node ref="U2" pin="1"/>
      <node ref="C2" pin="2"/>
      <node ref="C2" pin="1"/>
      <node ref="L1" pin="2"/>
      <node ref="U3" pin="1"/>
      <node ref="U3" pin="3"/>
      <node ref="R1" pin="1"/>
      <node ref="U1" pin="4"/>
      <node ref="U1" pin="3"/>
      <node ref="C1" pin="2"/>
      <node ref="U2" pin="33"/>
      <node ref="C6" pin="2"/>
      <node ref="R3" pin="2"/>
      <node ref="R3" pin="1"/>
      <node ref="U2" pin="22"/>
      <node ref="C4" pin="2"/>
      <node ref="C5" pin="2"/>
      <node ref="R2" pin="2"/>
    </net>
  </nets>
</export>
